action	min_reward	mean_reward	max_reward
0	0.0	0.5679299502949563	3.76146119165972
1	0.0	0.0	0.0
2	0.0	0.0	0.0
