strategy	regret
uniform	130.10957968966497
just-0	0.0
just-1	24.759595811550295
just-2	365.5691432574446
actual	7.667776994615565
